13,1002,Missing Time Key,",RESULT_F_PERIOD_KEY"
14,1002,Missing Time Key,",RESULT_F_PERIOD_KEY"
15,1002,Missing Time Key,",RESULT_F_PERIOD_KEY"
16,1002,Missing Time Key,",RESULT_F_PERIOD_KEY"
17,1002,Missing Time Key,",RESULT_F_PERIOD_KEY"
18,1002,Missing Time Key,",RESULT_F_PERIOD_KEY"
19,1002,Missing Time Key,",RESULT_F_PERIOD_KEY"
20,1002,Missing Time Key,",RESULT_F_PERIOD_KEY"
21,1002,Missing Time Key,",RESULT_F_PERIOD_KEY"
22,1002,Missing Time Key,",RESULT_F_PERIOD_KEY"
23,1002,Missing Time Key,",RESULT_F_PERIOD_KEY"
24,1002,Missing Time Key,",RESULT_F_PERIOD_KEY"
25,1002,Missing Time Key,",RESULT_F_PERIOD_KEY"
26,1002,Missing Time Key,",RESULT_F_PERIOD_KEY"
27,1002,Missing Time Key,",RESULT_F_PERIOD_KEY"
28,1002,Missing Time Key,",RESULT_F_PERIOD_KEY"
29,1002,Missing Time Key,",RESULT_F_PERIOD_KEY"
30,1002,Missing Time Key,",RESULT_F_PERIOD_KEY"
31,1002,Missing Time Key,",RESULT_F_PERIOD_KEY"
44,1002,Missing Time Key,",RESULT_F_PERIOD_KEY"
45,1002,Missing Time Key,",RESULT_F_PERIOD_KEY"
46,1002,Missing Time Key,",RESULT_F_PERIOD_KEY"
47,1002,Missing Time Key,",RESULT_F_PERIOD_KEY"
48,1002,Missing Time Key,",RESULT_F_PERIOD_KEY"
49,1002,Missing Time Key,",RESULT_F_PERIOD_KEY"
50,1002,Missing Time Key,",RESULT_F_PERIOD_KEY"
51,1002,Missing Time Key,",RESULT_F_PERIOD_KEY"
52,1002,Missing Time Key,",RESULT_F_PERIOD_KEY"
53,1002,Missing Time Key,",RESULT_F_PERIOD_KEY"
54,1002,Missing Time Key,",RESULT_F_PERIOD_KEY"
55,1002,Missing Time Key,",RESULT_F_PERIOD_KEY"
56,1002,Missing Time Key,",RESULT_F_PERIOD_KEY"
57,1002,Missing Time Key,",RESULT_F_PERIOD_KEY"
58,1002,Missing Time Key,",RESULT_F_PERIOD_KEY"
59,1002,Missing Time Key,",RESULT_F_PERIOD_KEY"
72,1002,Missing Time Key,",RESULT_F_PERIOD_KEY"
73,1002,Missing Time Key,",RESULT_F_PERIOD_KEY"
74,1002,Missing Time Key,",RESULT_F_PERIOD_KEY"
75,1002,Missing Time Key,",RESULT_F_PERIOD_KEY"
76,1002,Missing Time Key,",RESULT_F_PERIOD_KEY"
77,1002,Missing Time Key,",RESULT_F_PERIOD_KEY"
78,1002,Missing Time Key,",RESULT_F_PERIOD_KEY"
79,1002,Missing Time Key,",RESULT_F_PERIOD_KEY"
80,1002,Missing Time Key,",RESULT_F_PERIOD_KEY"
81,1002,Missing Time Key,",RESULT_F_PERIOD_KEY"
82,1002,Missing Time Key,",RESULT_F_PERIOD_KEY"
83,1002,Missing Time Key,",RESULT_F_PERIOD_KEY"
84,1002,Missing Time Key,",RESULT_F_PERIOD_KEY"
85,1002,Missing Time Key,",RESULT_F_PERIOD_KEY"
86,1002,Missing Time Key,",RESULT_F_PERIOD_KEY"
87,1002,Missing Time Key,",RESULT_F_PERIOD_KEY"
88,1002,Missing Time Key,",RESULT_F_PERIOD_KEY"
89,1002,Missing Time Key,",RESULT_F_PERIOD_KEY"
90,1002,Missing Time Key,",RESULT_F_PERIOD_KEY"
103,1002,Missing Time Key,",RESULT_F_PERIOD_KEY"
104,1002,Missing Time Key,",RESULT_F_PERIOD_KEY"
105,1002,Missing Time Key,",RESULT_F_PERIOD_KEY"
106,1002,Missing Time Key,",RESULT_F_PERIOD_KEY"
107,1002,Missing Time Key,",RESULT_F_PERIOD_KEY"
108,1002,Missing Time Key,",RESULT_F_PERIOD_KEY"
109,1002,Missing Time Key,",RESULT_F_PERIOD_KEY"
110,1002,Missing Time Key,",RESULT_F_PERIOD_KEY"
111,1002,Missing Time Key,",RESULT_F_PERIOD_KEY"
112,1002,Missing Time Key,",RESULT_F_PERIOD_KEY"
113,1002,Missing Time Key,",RESULT_F_PERIOD_KEY"
114,1002,Missing Time Key,",RESULT_F_PERIOD_KEY"
115,1002,Missing Time Key,",RESULT_F_PERIOD_KEY"
116,1002,Missing Time Key,",RESULT_F_PERIOD_KEY"
117,1002,Missing Time Key,",RESULT_F_PERIOD_KEY"
118,1002,Missing Time Key,",RESULT_F_PERIOD_KEY"
119,1002,Missing Time Key,",RESULT_F_PERIOD_KEY"
120,1002,Missing Time Key,",RESULT_F_PERIOD_KEY"
133,1002,Missing Time Key,",RESULT_F_PERIOD_KEY"
134,1002,Missing Time Key,",RESULT_F_PERIOD_KEY"
135,1002,Missing Time Key,",RESULT_F_PERIOD_KEY"
136,1002,Missing Time Key,",RESULT_F_PERIOD_KEY"
137,1002,Missing Time Key,",RESULT_F_PERIOD_KEY"
138,1002,Missing Time Key,",RESULT_F_PERIOD_KEY"
139,1002,Missing Time Key,",RESULT_F_PERIOD_KEY"
140,1002,Missing Time Key,",RESULT_F_PERIOD_KEY"
141,1002,Missing Time Key,",RESULT_F_PERIOD_KEY"
142,1002,Missing Time Key,",RESULT_F_PERIOD_KEY"
143,1002,Missing Time Key,",RESULT_F_PERIOD_KEY"
144,1002,Missing Time Key,",RESULT_F_PERIOD_KEY"
145,1002,Missing Time Key,",RESULT_F_PERIOD_KEY"
146,1002,Missing Time Key,",RESULT_F_PERIOD_KEY"
147,1002,Missing Time Key,",RESULT_F_PERIOD_KEY"
148,1002,Missing Time Key,",RESULT_F_PERIOD_KEY"
149,1002,Missing Time Key,",RESULT_F_PERIOD_KEY"
150,1002,Missing Time Key,",RESULT_F_PERIOD_KEY"
151,1002,Missing Time Key,",RESULT_F_PERIOD_KEY"
164,1002,Missing Time Key,",RESULT_F_PERIOD_KEY"
165,1002,Missing Time Key,",RESULT_F_PERIOD_KEY"
166,1002,Missing Time Key,",RESULT_F_PERIOD_KEY"
167,1002,Missing Time Key,",RESULT_F_PERIOD_KEY"
168,1002,Missing Time Key,",RESULT_F_PERIOD_KEY"
169,1002,Missing Time Key,",RESULT_F_PERIOD_KEY"
170,1002,Missing Time Key,",RESULT_F_PERIOD_KEY"
171,1002,Missing Time Key,",RESULT_F_PERIOD_KEY"
172,1002,Missing Time Key,",RESULT_F_PERIOD_KEY"
173,1002,Missing Time Key,",RESULT_F_PERIOD_KEY"
174,1002,Missing Time Key,",RESULT_F_PERIOD_KEY"
175,1002,Missing Time Key,",RESULT_F_PERIOD_KEY"
176,1002,Missing Time Key,",RESULT_F_PERIOD_KEY"
177,1002,Missing Time Key,",RESULT_F_PERIOD_KEY"
178,1002,Missing Time Key,",RESULT_F_PERIOD_KEY"
179,1002,Missing Time Key,",RESULT_F_PERIOD_KEY"
180,1002,Missing Time Key,",RESULT_F_PERIOD_KEY"
181,1002,Missing Time Key,",RESULT_F_PERIOD_KEY"
194,1002,Missing Time Key,",RESULT_F_PERIOD_KEY"
195,1002,Missing Time Key,",RESULT_F_PERIOD_KEY"
196,1002,Missing Time Key,",RESULT_F_PERIOD_KEY"
197,1002,Missing Time Key,",RESULT_F_PERIOD_KEY"
198,1002,Missing Time Key,",RESULT_F_PERIOD_KEY"
199,1002,Missing Time Key,",RESULT_F_PERIOD_KEY"
200,1002,Missing Time Key,",RESULT_F_PERIOD_KEY"
13,1002,Missing Time Key,",RESULT_F_PERIOD_KEY"
14,1002,Missing Time Key,",RESULT_F_PERIOD_KEY"
15,1002,Missing Time Key,",RESULT_F_PERIOD_KEY"
16,1002,Missing Time Key,",RESULT_F_PERIOD_KEY"
17,1002,Missing Time Key,",RESULT_F_PERIOD_KEY"
18,1002,Missing Time Key,",RESULT_F_PERIOD_KEY"
19,1002,Missing Time Key,",RESULT_F_PERIOD_KEY"
20,1002,Missing Time Key,",RESULT_F_PERIOD_KEY"
21,1002,Missing Time Key,",RESULT_F_PERIOD_KEY"
22,1002,Missing Time Key,",RESULT_F_PERIOD_KEY"
23,1002,Missing Time Key,",RESULT_F_PERIOD_KEY"
24,1002,Missing Time Key,",RESULT_F_PERIOD_KEY"
25,1002,Missing Time Key,",RESULT_F_PERIOD_KEY"
26,1002,Missing Time Key,",RESULT_F_PERIOD_KEY"
27,1002,Missing Time Key,",RESULT_F_PERIOD_KEY"
28,1002,Missing Time Key,",RESULT_F_PERIOD_KEY"
29,1002,Missing Time Key,",RESULT_F_PERIOD_KEY"
30,1002,Missing Time Key,",RESULT_F_PERIOD_KEY"
31,1002,Missing Time Key,",RESULT_F_PERIOD_KEY"
44,1002,Missing Time Key,",RESULT_F_PERIOD_KEY"
45,1002,Missing Time Key,",RESULT_F_PERIOD_KEY"
46,1002,Missing Time Key,",RESULT_F_PERIOD_KEY"
47,1002,Missing Time Key,",RESULT_F_PERIOD_KEY"
48,1002,Missing Time Key,",RESULT_F_PERIOD_KEY"
49,1002,Missing Time Key,",RESULT_F_PERIOD_KEY"
50,1002,Missing Time Key,",RESULT_F_PERIOD_KEY"
51,1002,Missing Time Key,",RESULT_F_PERIOD_KEY"
52,1002,Missing Time Key,",RESULT_F_PERIOD_KEY"
53,1002,Missing Time Key,",RESULT_F_PERIOD_KEY"
54,1002,Missing Time Key,",RESULT_F_PERIOD_KEY"
55,1002,Missing Time Key,",RESULT_F_PERIOD_KEY"
56,1002,Missing Time Key,",RESULT_F_PERIOD_KEY"
57,1002,Missing Time Key,",RESULT_F_PERIOD_KEY"
58,1002,Missing Time Key,",RESULT_F_PERIOD_KEY"
59,1002,Missing Time Key,",RESULT_F_PERIOD_KEY"
72,1002,Missing Time Key,",RESULT_F_PERIOD_KEY"
73,1002,Missing Time Key,",RESULT_F_PERIOD_KEY"
74,1002,Missing Time Key,",RESULT_F_PERIOD_KEY"
75,1002,Missing Time Key,",RESULT_F_PERIOD_KEY"
76,1002,Missing Time Key,",RESULT_F_PERIOD_KEY"
77,1002,Missing Time Key,",RESULT_F_PERIOD_KEY"
78,1002,Missing Time Key,",RESULT_F_PERIOD_KEY"
79,1002,Missing Time Key,",RESULT_F_PERIOD_KEY"
80,1002,Missing Time Key,",RESULT_F_PERIOD_KEY"
81,1002,Missing Time Key,",RESULT_F_PERIOD_KEY"
82,1002,Missing Time Key,",RESULT_F_PERIOD_KEY"
83,1002,Missing Time Key,",RESULT_F_PERIOD_KEY"
84,1002,Missing Time Key,",RESULT_F_PERIOD_KEY"
85,1002,Missing Time Key,",RESULT_F_PERIOD_KEY"
86,1002,Missing Time Key,",RESULT_F_PERIOD_KEY"
87,1002,Missing Time Key,",RESULT_F_PERIOD_KEY"
88,1002,Missing Time Key,",RESULT_F_PERIOD_KEY"
89,1002,Missing Time Key,",RESULT_F_PERIOD_KEY"
90,1002,Missing Time Key,",RESULT_F_PERIOD_KEY"
103,1002,Missing Time Key,",RESULT_F_PERIOD_KEY"
104,1002,Missing Time Key,",RESULT_F_PERIOD_KEY"
105,1002,Missing Time Key,",RESULT_F_PERIOD_KEY"
106,1002,Missing Time Key,",RESULT_F_PERIOD_KEY"
107,1002,Missing Time Key,",RESULT_F_PERIOD_KEY"
108,1002,Missing Time Key,",RESULT_F_PERIOD_KEY"
109,1002,Missing Time Key,",RESULT_F_PERIOD_KEY"
110,1002,Missing Time Key,",RESULT_F_PERIOD_KEY"
111,1002,Missing Time Key,",RESULT_F_PERIOD_KEY"
112,1002,Missing Time Key,",RESULT_F_PERIOD_KEY"
113,1002,Missing Time Key,",RESULT_F_PERIOD_KEY"
114,1002,Missing Time Key,",RESULT_F_PERIOD_KEY"
115,1002,Missing Time Key,",RESULT_F_PERIOD_KEY"
116,1002,Missing Time Key,",RESULT_F_PERIOD_KEY"
117,1002,Missing Time Key,",RESULT_F_PERIOD_KEY"
118,1002,Missing Time Key,",RESULT_F_PERIOD_KEY"
119,1002,Missing Time Key,",RESULT_F_PERIOD_KEY"
120,1002,Missing Time Key,",RESULT_F_PERIOD_KEY"
133,1002,Missing Time Key,",RESULT_F_PERIOD_KEY"
134,1002,Missing Time Key,",RESULT_F_PERIOD_KEY"
135,1002,Missing Time Key,",RESULT_F_PERIOD_KEY"
136,1002,Missing Time Key,",RESULT_F_PERIOD_KEY"
137,1002,Missing Time Key,",RESULT_F_PERIOD_KEY"
138,1002,Missing Time Key,",RESULT_F_PERIOD_KEY"
139,1002,Missing Time Key,",RESULT_F_PERIOD_KEY"
140,1002,Missing Time Key,",RESULT_F_PERIOD_KEY"
141,1002,Missing Time Key,",RESULT_F_PERIOD_KEY"
142,1002,Missing Time Key,",RESULT_F_PERIOD_KEY"
143,1002,Missing Time Key,",RESULT_F_PERIOD_KEY"
144,1002,Missing Time Key,",RESULT_F_PERIOD_KEY"
145,1002,Missing Time Key,",RESULT_F_PERIOD_KEY"
146,1002,Missing Time Key,",RESULT_F_PERIOD_KEY"
147,1002,Missing Time Key,",RESULT_F_PERIOD_KEY"
148,1002,Missing Time Key,",RESULT_F_PERIOD_KEY"
149,1002,Missing Time Key,",RESULT_F_PERIOD_KEY"
150,1002,Missing Time Key,",RESULT_F_PERIOD_KEY"
151,1002,Missing Time Key,",RESULT_F_PERIOD_KEY"
164,1002,Missing Time Key,",RESULT_F_PERIOD_KEY"
165,1002,Missing Time Key,",RESULT_F_PERIOD_KEY"
166,1002,Missing Time Key,",RESULT_F_PERIOD_KEY"
167,1002,Missing Time Key,",RESULT_F_PERIOD_KEY"
168,1002,Missing Time Key,",RESULT_F_PERIOD_KEY"
169,1002,Missing Time Key,",RESULT_F_PERIOD_KEY"
170,1002,Missing Time Key,",RESULT_F_PERIOD_KEY"
171,1002,Missing Time Key,",RESULT_F_PERIOD_KEY"
172,1002,Missing Time Key,",RESULT_F_PERIOD_KEY"
173,1002,Missing Time Key,",RESULT_F_PERIOD_KEY"
174,1002,Missing Time Key,",RESULT_F_PERIOD_KEY"
175,1002,Missing Time Key,",RESULT_F_PERIOD_KEY"
176,1002,Missing Time Key,",RESULT_F_PERIOD_KEY"
177,1002,Missing Time Key,",RESULT_F_PERIOD_KEY"
178,1002,Missing Time Key,",RESULT_F_PERIOD_KEY"
179,1002,Missing Time Key,",RESULT_F_PERIOD_KEY"
180,1002,Missing Time Key,",RESULT_F_PERIOD_KEY"
181,1002,Missing Time Key,",RESULT_F_PERIOD_KEY"
194,1002,Missing Time Key,",RESULT_F_PERIOD_KEY"
195,1002,Missing Time Key,",RESULT_F_PERIOD_KEY"
196,1002,Missing Time Key,",RESULT_F_PERIOD_KEY"
197,1002,Missing Time Key,",RESULT_F_PERIOD_KEY"
198,1002,Missing Time Key,",RESULT_F_PERIOD_KEY"
199,1002,Missing Time Key,",RESULT_F_PERIOD_KEY"
200,1002,Missing Time Key,",RESULT_F_PERIOD_KEY"
13,1002,Missing Time Key,",RESULT_F_PERIOD_KEY"
14,1002,Missing Time Key,",RESULT_F_PERIOD_KEY"
15,1002,Missing Time Key,",RESULT_F_PERIOD_KEY"
16,1002,Missing Time Key,",RESULT_F_PERIOD_KEY"
17,1002,Missing Time Key,",RESULT_F_PERIOD_KEY"
18,1002,Missing Time Key,",RESULT_F_PERIOD_KEY"
19,1002,Missing Time Key,",RESULT_F_PERIOD_KEY"
20,1002,Missing Time Key,",RESULT_F_PERIOD_KEY"
21,1002,Missing Time Key,",RESULT_F_PERIOD_KEY"
22,1002,Missing Time Key,",RESULT_F_PERIOD_KEY"
23,1002,Missing Time Key,",RESULT_F_PERIOD_KEY"
24,1002,Missing Time Key,",RESULT_F_PERIOD_KEY"
25,1002,Missing Time Key,",RESULT_F_PERIOD_KEY"
26,1002,Missing Time Key,",RESULT_F_PERIOD_KEY"
27,1002,Missing Time Key,",RESULT_F_PERIOD_KEY"
28,1002,Missing Time Key,",RESULT_F_PERIOD_KEY"
29,1002,Missing Time Key,",RESULT_F_PERIOD_KEY"
30,1002,Missing Time Key,",RESULT_F_PERIOD_KEY"
31,1002,Missing Time Key,",RESULT_F_PERIOD_KEY"
44,1002,Missing Time Key,",RESULT_F_PERIOD_KEY"
45,1002,Missing Time Key,",RESULT_F_PERIOD_KEY"
46,1002,Missing Time Key,",RESULT_F_PERIOD_KEY"
47,1002,Missing Time Key,",RESULT_F_PERIOD_KEY"
48,1002,Missing Time Key,",RESULT_F_PERIOD_KEY"
49,1002,Missing Time Key,",RESULT_F_PERIOD_KEY"
50,1002,Missing Time Key,",RESULT_F_PERIOD_KEY"
51,1002,Missing Time Key,",RESULT_F_PERIOD_KEY"
52,1002,Missing Time Key,",RESULT_F_PERIOD_KEY"
53,1002,Missing Time Key,",RESULT_F_PERIOD_KEY"
54,1002,Missing Time Key,",RESULT_F_PERIOD_KEY"
55,1002,Missing Time Key,",RESULT_F_PERIOD_KEY"
56,1002,Missing Time Key,",RESULT_F_PERIOD_KEY"
57,1002,Missing Time Key,",RESULT_F_PERIOD_KEY"
58,1002,Missing Time Key,",RESULT_F_PERIOD_KEY"
59,1002,Missing Time Key,",RESULT_F_PERIOD_KEY"
72,1002,Missing Time Key,",RESULT_F_PERIOD_KEY"
73,1002,Missing Time Key,",RESULT_F_PERIOD_KEY"
74,1002,Missing Time Key,",RESULT_F_PERIOD_KEY"
75,1002,Missing Time Key,",RESULT_F_PERIOD_KEY"
76,1002,Missing Time Key,",RESULT_F_PERIOD_KEY"
77,1002,Missing Time Key,",RESULT_F_PERIOD_KEY"
78,1002,Missing Time Key,",RESULT_F_PERIOD_KEY"
79,1002,Missing Time Key,",RESULT_F_PERIOD_KEY"
80,1002,Missing Time Key,",RESULT_F_PERIOD_KEY"
81,1002,Missing Time Key,",RESULT_F_PERIOD_KEY"
82,1002,Missing Time Key,",RESULT_F_PERIOD_KEY"
83,1002,Missing Time Key,",RESULT_F_PERIOD_KEY"
84,1002,Missing Time Key,",RESULT_F_PERIOD_KEY"
85,1002,Missing Time Key,",RESULT_F_PERIOD_KEY"
86,1002,Missing Time Key,",RESULT_F_PERIOD_KEY"
87,1002,Missing Time Key,",RESULT_F_PERIOD_KEY"
88,1002,Missing Time Key,",RESULT_F_PERIOD_KEY"
89,1002,Missing Time Key,",RESULT_F_PERIOD_KEY"
90,1002,Missing Time Key,",RESULT_F_PERIOD_KEY"
103,1002,Missing Time Key,",RESULT_F_PERIOD_KEY"
104,1002,Missing Time Key,",RESULT_F_PERIOD_KEY"
105,1002,Missing Time Key,",RESULT_F_PERIOD_KEY"
106,1002,Missing Time Key,",RESULT_F_PERIOD_KEY"
107,1002,Missing Time Key,",RESULT_F_PERIOD_KEY"
108,1002,Missing Time Key,",RESULT_F_PERIOD_KEY"
109,1002,Missing Time Key,",RESULT_F_PERIOD_KEY"
110,1002,Missing Time Key,",RESULT_F_PERIOD_KEY"
111,1002,Missing Time Key,",RESULT_F_PERIOD_KEY"
112,1002,Missing Time Key,",RESULT_F_PERIOD_KEY"
113,1002,Missing Time Key,",RESULT_F_PERIOD_KEY"
114,1002,Missing Time Key,",RESULT_F_PERIOD_KEY"
115,1002,Missing Time Key,",RESULT_F_PERIOD_KEY"
116,1002,Missing Time Key,",RESULT_F_PERIOD_KEY"
117,1002,Missing Time Key,",RESULT_F_PERIOD_KEY"
118,1002,Missing Time Key,",RESULT_F_PERIOD_KEY"
119,1002,Missing Time Key,",RESULT_F_PERIOD_KEY"
120,1002,Missing Time Key,",RESULT_F_PERIOD_KEY"
133,1002,Missing Time Key,",RESULT_F_PERIOD_KEY"
134,1002,Missing Time Key,",RESULT_F_PERIOD_KEY"
135,1002,Missing Time Key,",RESULT_F_PERIOD_KEY"
136,1002,Missing Time Key,",RESULT_F_PERIOD_KEY"
137,1002,Missing Time Key,",RESULT_F_PERIOD_KEY"
138,1002,Missing Time Key,",RESULT_F_PERIOD_KEY"
139,1002,Missing Time Key,",RESULT_F_PERIOD_KEY"
140,1002,Missing Time Key,",RESULT_F_PERIOD_KEY"
141,1002,Missing Time Key,",RESULT_F_PERIOD_KEY"
142,1002,Missing Time Key,",RESULT_F_PERIOD_KEY"
143,1002,Missing Time Key,",RESULT_F_PERIOD_KEY"
144,1002,Missing Time Key,",RESULT_F_PERIOD_KEY"
145,1002,Missing Time Key,",RESULT_F_PERIOD_KEY"
146,1002,Missing Time Key,",RESULT_F_PERIOD_KEY"
147,1002,Missing Time Key,",RESULT_F_PERIOD_KEY"
148,1002,Missing Time Key,",RESULT_F_PERIOD_KEY"
149,1002,Missing Time Key,",RESULT_F_PERIOD_KEY"
150,1002,Missing Time Key,",RESULT_F_PERIOD_KEY"
151,1002,Missing Time Key,",RESULT_F_PERIOD_KEY"
164,1002,Missing Time Key,",RESULT_F_PERIOD_KEY"
165,1002,Missing Time Key,",RESULT_F_PERIOD_KEY"
166,1002,Missing Time Key,",RESULT_F_PERIOD_KEY"
167,1002,Missing Time Key,",RESULT_F_PERIOD_KEY"
168,1002,Missing Time Key,",RESULT_F_PERIOD_KEY"
169,1002,Missing Time Key,",RESULT_F_PERIOD_KEY"
170,1002,Missing Time Key,",RESULT_F_PERIOD_KEY"
171,1002,Missing Time Key,",RESULT_F_PERIOD_KEY"
172,1002,Missing Time Key,",RESULT_F_PERIOD_KEY"
173,1002,Missing Time Key,",RESULT_F_PERIOD_KEY"
174,1002,Missing Time Key,",RESULT_F_PERIOD_KEY"
175,1002,Missing Time Key,",RESULT_F_PERIOD_KEY"
176,1002,Missing Time Key,",RESULT_F_PERIOD_KEY"
177,1002,Missing Time Key,",RESULT_F_PERIOD_KEY"
178,1002,Missing Time Key,",RESULT_F_PERIOD_KEY"
179,1002,Missing Time Key,",RESULT_F_PERIOD_KEY"
180,1002,Missing Time Key,",RESULT_F_PERIOD_KEY"
181,1002,Missing Time Key,",RESULT_F_PERIOD_KEY"
194,1002,Missing Time Key,",RESULT_F_PERIOD_KEY"
195,1002,Missing Time Key,",RESULT_F_PERIOD_KEY"
196,1002,Missing Time Key,",RESULT_F_PERIOD_KEY"
197,1002,Missing Time Key,",RESULT_F_PERIOD_KEY"
198,1002,Missing Time Key,",RESULT_F_PERIOD_KEY"
199,1002,Missing Time Key,",RESULT_F_PERIOD_KEY"
200,1002,Missing Time Key,",RESULT_F_PERIOD_KEY"
13,1002,Missing Time Key,",RESULT_F_PERIOD_KEY"
14,1002,Missing Time Key,",RESULT_F_PERIOD_KEY"
15,1002,Missing Time Key,",RESULT_F_PERIOD_KEY"
16,1002,Missing Time Key,",RESULT_F_PERIOD_KEY"
17,1002,Missing Time Key,",RESULT_F_PERIOD_KEY"
18,1002,Missing Time Key,",RESULT_F_PERIOD_KEY"
19,1002,Missing Time Key,",RESULT_F_PERIOD_KEY"
20,1002,Missing Time Key,",RESULT_F_PERIOD_KEY"
21,1002,Missing Time Key,",RESULT_F_PERIOD_KEY"
22,1002,Missing Time Key,",RESULT_F_PERIOD_KEY"
23,1002,Missing Time Key,",RESULT_F_PERIOD_KEY"
24,1002,Missing Time Key,",RESULT_F_PERIOD_KEY"
25,1002,Missing Time Key,",RESULT_F_PERIOD_KEY"
26,1002,Missing Time Key,",RESULT_F_PERIOD_KEY"
27,1002,Missing Time Key,",RESULT_F_PERIOD_KEY"
28,1002,Missing Time Key,",RESULT_F_PERIOD_KEY"
29,1002,Missing Time Key,",RESULT_F_PERIOD_KEY"
30,1002,Missing Time Key,",RESULT_F_PERIOD_KEY"
31,1002,Missing Time Key,",RESULT_F_PERIOD_KEY"
44,1002,Missing Time Key,",RESULT_F_PERIOD_KEY"
45,1002,Missing Time Key,",RESULT_F_PERIOD_KEY"
46,1002,Missing Time Key,",RESULT_F_PERIOD_KEY"
47,1002,Missing Time Key,",RESULT_F_PERIOD_KEY"
48,1002,Missing Time Key,",RESULT_F_PERIOD_KEY"
49,1002,Missing Time Key,",RESULT_F_PERIOD_KEY"
50,1002,Missing Time Key,",RESULT_F_PERIOD_KEY"
51,1002,Missing Time Key,",RESULT_F_PERIOD_KEY"
52,1002,Missing Time Key,",RESULT_F_PERIOD_KEY"
53,1002,Missing Time Key,",RESULT_F_PERIOD_KEY"
54,1002,Missing Time Key,",RESULT_F_PERIOD_KEY"
55,1002,Missing Time Key,",RESULT_F_PERIOD_KEY"
56,1002,Missing Time Key,",RESULT_F_PERIOD_KEY"
57,1002,Missing Time Key,",RESULT_F_PERIOD_KEY"
58,1002,Missing Time Key,",RESULT_F_PERIOD_KEY"
59,1002,Missing Time Key,",RESULT_F_PERIOD_KEY"
72,1002,Missing Time Key,",RESULT_F_PERIOD_KEY"
73,1002,Missing Time Key,",RESULT_F_PERIOD_KEY"
74,1002,Missing Time Key,",RESULT_F_PERIOD_KEY"
75,1002,Missing Time Key,",RESULT_F_PERIOD_KEY"
76,1002,Missing Time Key,",RESULT_F_PERIOD_KEY"
77,1002,Missing Time Key,",RESULT_F_PERIOD_KEY"
78,1002,Missing Time Key,",RESULT_F_PERIOD_KEY"
79,1002,Missing Time Key,",RESULT_F_PERIOD_KEY"
80,1002,Missing Time Key,",RESULT_F_PERIOD_KEY"
81,1002,Missing Time Key,",RESULT_F_PERIOD_KEY"
82,1002,Missing Time Key,",RESULT_F_PERIOD_KEY"
83,1002,Missing Time Key,",RESULT_F_PERIOD_KEY"
84,1002,Missing Time Key,",RESULT_F_PERIOD_KEY"
85,1002,Missing Time Key,",RESULT_F_PERIOD_KEY"
86,1002,Missing Time Key,",RESULT_F_PERIOD_KEY"
87,1002,Missing Time Key,",RESULT_F_PERIOD_KEY"
88,1002,Missing Time Key,",RESULT_F_PERIOD_KEY"
89,1002,Missing Time Key,",RESULT_F_PERIOD_KEY"
90,1002,Missing Time Key,",RESULT_F_PERIOD_KEY"
103,1002,Missing Time Key,",RESULT_F_PERIOD_KEY"
104,1002,Missing Time Key,",RESULT_F_PERIOD_KEY"
105,1002,Missing Time Key,",RESULT_F_PERIOD_KEY"
106,1002,Missing Time Key,",RESULT_F_PERIOD_KEY"
107,1002,Missing Time Key,",RESULT_F_PERIOD_KEY"
108,1002,Missing Time Key,",RESULT_F_PERIOD_KEY"
109,1002,Missing Time Key,",RESULT_F_PERIOD_KEY"
110,1002,Missing Time Key,",RESULT_F_PERIOD_KEY"
111,1002,Missing Time Key,",RESULT_F_PERIOD_KEY"
112,1002,Missing Time Key,",RESULT_F_PERIOD_KEY"
113,1002,Missing Time Key,",RESULT_F_PERIOD_KEY"
114,1002,Missing Time Key,",RESULT_F_PERIOD_KEY"
115,1002,Missing Time Key,",RESULT_F_PERIOD_KEY"
116,1002,Missing Time Key,",RESULT_F_PERIOD_KEY"
117,1002,Missing Time Key,",RESULT_F_PERIOD_KEY"
118,1002,Missing Time Key,",RESULT_F_PERIOD_KEY"
119,1002,Missing Time Key,",RESULT_F_PERIOD_KEY"
120,1002,Missing Time Key,",RESULT_F_PERIOD_KEY"
133,1002,Missing Time Key,",RESULT_F_PERIOD_KEY"
134,1002,Missing Time Key,",RESULT_F_PERIOD_KEY"
135,1002,Missing Time Key,",RESULT_F_PERIOD_KEY"
136,1002,Missing Time Key,",RESULT_F_PERIOD_KEY"
137,1002,Missing Time Key,",RESULT_F_PERIOD_KEY"
138,1002,Missing Time Key,",RESULT_F_PERIOD_KEY"
139,1002,Missing Time Key,",RESULT_F_PERIOD_KEY"
140,1002,Missing Time Key,",RESULT_F_PERIOD_KEY"
141,1002,Missing Time Key,",RESULT_F_PERIOD_KEY"
142,1002,Missing Time Key,",RESULT_F_PERIOD_KEY"
143,1002,Missing Time Key,",RESULT_F_PERIOD_KEY"
144,1002,Missing Time Key,",RESULT_F_PERIOD_KEY"
145,1002,Missing Time Key,",RESULT_F_PERIOD_KEY"
146,1002,Missing Time Key,",RESULT_F_PERIOD_KEY"
147,1002,Missing Time Key,",RESULT_F_PERIOD_KEY"
148,1002,Missing Time Key,",RESULT_F_PERIOD_KEY"
149,1002,Missing Time Key,",RESULT_F_PERIOD_KEY"
150,1002,Missing Time Key,",RESULT_F_PERIOD_KEY"
151,1002,Missing Time Key,",RESULT_F_PERIOD_KEY"
164,1002,Missing Time Key,",RESULT_F_PERIOD_KEY"
165,1002,Missing Time Key,",RESULT_F_PERIOD_KEY"
166,1002,Missing Time Key,",RESULT_F_PERIOD_KEY"
167,1002,Missing Time Key,",RESULT_F_PERIOD_KEY"
168,1002,Missing Time Key,",RESULT_F_PERIOD_KEY"
169,1002,Missing Time Key,",RESULT_F_PERIOD_KEY"
170,1002,Missing Time Key,",RESULT_F_PERIOD_KEY"
171,1002,Missing Time Key,",RESULT_F_PERIOD_KEY"
172,1002,Missing Time Key,",RESULT_F_PERIOD_KEY"
173,1002,Missing Time Key,",RESULT_F_PERIOD_KEY"
174,1002,Missing Time Key,",RESULT_F_PERIOD_KEY"
175,1002,Missing Time Key,",RESULT_F_PERIOD_KEY"
176,1002,Missing Time Key,",RESULT_F_PERIOD_KEY"
177,1002,Missing Time Key,",RESULT_F_PERIOD_KEY"
178,1002,Missing Time Key,",RESULT_F_PERIOD_KEY"
179,1002,Missing Time Key,",RESULT_F_PERIOD_KEY"
180,1002,Missing Time Key,",RESULT_F_PERIOD_KEY"
181,1002,Missing Time Key,",RESULT_F_PERIOD_KEY"
194,1002,Missing Time Key,",RESULT_F_PERIOD_KEY"
195,1002,Missing Time Key,",RESULT_F_PERIOD_KEY"
196,1002,Missing Time Key,",RESULT_F_PERIOD_KEY"
197,1002,Missing Time Key,",RESULT_F_PERIOD_KEY"
198,1002,Missing Time Key,",RESULT_F_PERIOD_KEY"
199,1002,Missing Time Key,",RESULT_F_PERIOD_KEY"
200,1002,Missing Time Key,",RESULT_F_PERIOD_KEY"
